{ 
    "restartPoint": {},
    "restartBot": {},
    "userAgent": {},
    "keyCommand": "",
    "autoAdd": false,
    "autoJoin": false,
    "autoReject": false,
    "autoLeave": true,
    "autoRead": false,
    "server": {},
    "changePicture": false,
    "changeGroupPicture": false,
    "autoJoinTicket": false,
    "Img": {},
    "Images": {},
    "Addimage": false,
    "Admin": {},
    "Gfoto": {},
    "SDadmin": false,
    "SDstaff": false,
    "Sadmin": false,
    "Sstaff": false,
    "Staff": {},
    "autojoin": true,
    "autoread": false,
    "autoscan": false,
    "blacklist": {},
    "dblacklist": false,
    "foto": {},
    "greet": {},
    "limit": 1,
    "message": "Hallo...",
    "message1": "Chat with me http://line.me/ti/p/~samurai-_-",
    "protcancel": {},
    "protinvite": {},
    "protkick": {},
    "protqr": {},
    "readMember": {},
    "readPoint": {},
    "wblacklist": false
}
