{
    "access_key": "0066725464abd96d2cee00863ad9067f",
    "access_token": "ec6a73ed66f5704bf4d071a2174fb736238aaeb6",
    "addContact": {
        "name": "",
        "status": false
    },
    "addImage": {
        "name": "",
        "status": false
    },
    "addPesan": "",
    "addSticker": {
        "name": "",
        "status": false
    },
    "addStickers": {
        "name": "",
        "status": false
    },
    "admin": [
        "ub5abe828cd964292195c3c59d6322033"
    ],
    "ani_guess": [
        "c9a9f741633543d70449a7d9801cbbd28"
    ],
    "apiKey": "8e3cf182-807a-4186-9261-a6c8741a9237",
    "autoAdd": false,
    "autoJoin": false,
    "autoJoinTicket": false,
    "autoLeave": false,
    "autoLike": false,
    "autoRead": false,
    "autoRead1": false,
    "autoReply": false,
    "autoRestart": false,
    "botMute": [],
    "botOff": [],
    "changeCover": false,
    "changeGroupPicture": [],
    "changePicture": false,
    "changeProfileCover": "",
    "changeProfileVideo": {
        "picture": "tmp/pict.bin",
        "stage": 2,
        "status": false,
        "video": "/tmp/linepy-1533757450-2.bin"
    },
    "changeVideo": false,
    "chatbot": {
        "": false
    },
    "checkContact": false,
    "checkPost": false,
    "checkSticker": false,
    "commentPost": "Autolike by redsamurai\nhttp://line.me/ti/p/~samurao-_-\n\n>🎩\n😁\n👕👍Great!\n👖",
",
    "content": {
        "sam": [
            "u2cf74acf6ed04d122def4db8ffdd2e39",
            "u2cf74acf6ed04d122def4db8ffdd2e39",
            "u2cf74acf6ed04d122def4db8ffdd2e39"
        ],
        "status": true
    },
    "detectMention": false,
    "fancy": {
        "foto1": [],
        "foto2": [],
        "foto3": [],
        "status": false
    },
    "getReader": {},
    "keyCommand": "khie ",
    "leaveMessage": false,
    "leavePesan": "สวัสดีครับ @!, \nขอต้อนรับสู่กลุ่ม {gname}??",
    "mayhem": false,
    "mentionPesan": "ว่าไงคับ @!, แทคผมทำไม..มีไรคับ\n (´⊙ω⊙`)",
    "messageSticker": {
        "addName": null,
        "addStatus": false,
        "listSticker": {
            "addSticker": {
                "STKID": "409",
                "STKPKGID": "1",
                "STKVER": "100",
                "status": true
            },
            "leaveSticker": null,
            "mentionSticker": {
                "STKID": "51626520",
                "STKPKGID": "11538",
                "STKVER": "1"
            },
            "readerSticker": null,
            "replySticker": null,
            "welcomeSticker": null
        }
    },
    "mimic": {
        "copy": false,
        "status": true,
        "target": {
            "ub5abe828cd964292195c3c59d6322033": true
        }
    },
    "myProfile": {
        "coverId": "",
        "coverStatus": "",
        "displayName": "™❍✯͜͡яєd✯sαмυяαι͜͡❂➣",
        "pictureStatus": "0hXtfiDjCVB1tbECrDjwF4DGdVCTYsPgETI3BAbXkTUG4iKBRab3JAaXcZX2JzKUYINXEbOnkTC2Mm",
        "statusMessage": "(T)(M)(,)(S)(A)(M)(u)(R)(a)(|)\n\nสนใจทำเซลบอท..แก้เซลบอท....เพิ่มลูกเล่นคำสั่ง...\nติดต่อ..👇👇👇\n👉 0946345913\n👉 0631041275\nหรือจิ้มที่นี่..https://line.me/ti/p/~samurai-_-\n\n▄▄▄RED SAMURAI SELFBØT▄▄▄\n█▀▀▀▀▀▀▀▀▀▀▀▀▀▀▀▀▀▀▀▀▀▀▀▀▀▀▀▀▀▀▀█\n█ 🌾RED BOT LINE THAILAND🌾\n█   ─┅═✥👊ᵀᴴᴬᴵᴸᴬᴺᴰ👊✥═┅─\n█    💀[ RED SAMURAI BOT]💀\n█    💀💀💀💀💀💀💀💀💀\n█▄▄▄▄▄▄▄▄▄▄▄▄▄▄▄▄▄▄▄█\n   【W͢E͢ A͢R͢E͢ T͢E͢A͢M͢ S͢A͢M͢U͢R͢A͢I͢ 】",
        "videoProfile": null
    },
    "notag": false,
    "protectGroupImage": false,
    "protectGroupName": false,
    "protectGroupQr": false,
    "publicMode": false,
    "qrprotect": false,
    "readerPesan": "เห้ @!, รู้นะว่าอ่านอยู่",
    "replyPesan": "What's wrong\nI'm busy right now",
    "resendChat": false,
    "responGc": false,
    "restartBot": null,
    "restartPoint": null,
    "server": "VPS",
    "setKey": false,
    "timeRestart": 43200,
    "ttt": "line://app/1602687308-GXq4Vvk9?type=text&text=",
    "unsendMessage": false,
    "userAgent": [
        "Mozilla/5.0 (X11; U; Linux i586; de; rv:5.0) Gecko/20100101 Firefox/5.0",
        "Mozilla/5.0 (X11; U; Linux amd64; rv:5.0) Gecko/20100101 Firefox/5.0 (Debian)",
        "Mozilla/5.0 (X11; U; Linux amd64; en-US; rv:5.0) Gecko/20110619 Firefox/5.0",
        "Mozilla/5.0 (X11; Linux) Gecko Firefox/5.0",
        "Mozilla/5.0 (X11; Linux x86_64; rv:5.0) Gecko/20100101 Firefox/5.0 FirePHP/0.5",
        "Mozilla/5.0 (X11; Linux x86_64; rv:5.0) Gecko/20100101 Firefox/5.0 Firefox/5.0",
        "Mozilla/5.0 (X11; Linux x86_64) Gecko Firefox/5.0",
        "Mozilla/5.0 (X11; Linux ppc; rv:5.0) Gecko/20100101 Firefox/5.0",
        "Mozilla/5.0 (X11; Linux AMD64) Gecko Firefox/5.0",
        "Mozilla/5.0 (X11; FreeBSD amd64; rv:5.0) Gecko/20100101 Firefox/5.0",
        "Mozilla/5.0 (Windows NT 6.2; WOW64; rv:5.0) Gecko/20100101 Firefox/5.0",
        "Mozilla/5.0 (Windows NT 6.1; Win64; x64; rv:5.0) Gecko/20110619 Firefox/5.0",
        "Mozilla/5.0 (Windows NT 6.1; Win64; x64; rv:5.0) Gecko/20100101 Firefox/5.0",
        "Mozilla/5.0 (Windows NT 6.1; rv:6.0) Gecko/20100101 Firefox/5.0",
        "Mozilla/5.0 (Windows NT 6.1.1; rv:5.0) Gecko/20100101 Firefox/5.0",
        "Mozilla/5.0 (Windows NT 5.2; WOW64; rv:5.0) Gecko/20100101 Firefox/5.0",
        "Mozilla/5.0 (Windows NT 5.1; U; rv:5.0) Gecko/20100101 Firefox/5.0",
        "Mozilla/5.0 (Windows NT 5.1; rv:2.0.1) Gecko/20100101 Firefox/5.0",
        "Mozilla/5.0 (Windows NT 5.0; WOW64; rv:5.0) Gecko/20100101 Firefox/5.0",
        "Mozilla/5.0 (Windows NT 5.0; rv:5.0) Gecko/20100101 Firefox/5.0"
    ],
    "userMentioned": {},
    "waktu": 10,
    "welcomeMessage": false,
    "welcomePesan": "สวัสดีครับ @!, \nขอต้อนรับสู่กลุ่ม {gname} นะ\n🍸🌹🌹🍸🌹🌹🍸\n\n🌹🌹🌹🌹🌹🌹🌹\n🌹🌹🌹🌹🌹🌹🌹\n🍸🌹🌹🌹🌹🌹🍸\n🍸🍸🌹🌹🌹🍸🍸\n🍸🍸🍸🌹🍸🍸🍸\n🍸🍸🍸🌹🍸🍸🍸\n🍸🎁😊❤☺🎁🍸"
}